<?xml version="1.0" encoding="UTF-8"?><rss version="2.0"
	xmlns:content="http://purl.org/rss/1.0/modules/content/"
	xmlns:wfw="http://wellformedweb.org/CommentAPI/"
	xmlns:dc="http://purl.org/dc/elements/1.1/"
	xmlns:atom="http://www.w3.org/2005/Atom"
	xmlns:sy="http://purl.org/rss/1.0/modules/syndication/"
	xmlns:slash="http://purl.org/rss/1.0/modules/slash/"
	>

<channel>
	<title>Luci a Neon &#8211; LightOn</title>
	<atom:link href="./index.html" rel="self" type="application/rss+xml" />
	<link>./../../../index.html</link>
	<description></description>
	<lastBuildDate>Mon, 20 Mar 2023 16:04:36 +0000</lastBuildDate>
	<language>it-IT</language>
	<sy:updatePeriod>
	hourly	</sy:updatePeriod>
	<sy:updateFrequency>
	1	</sy:updateFrequency>
	<generator>https://wordpress.org/?v=6.1.1</generator>
	<item>
		<title>Nuvola Neon Lamp</title>
		<link>./../../../prodotto/cloudy-neon-lamp/index.html</link>
					<comments>./../../../prodotto/cloudy-neon-lamp/index.html#respond</comments>
		
		<dc:creator><![CDATA[Jay]]></dc:creator>
		<pubDate>Mon, 20 Mar 2023 14:05:34 +0000</pubDate>
				<guid isPermaLink="false">./../../../index.html?post_type=product#038;p=37</guid>

					<description><![CDATA[La lampada a neon "Nuvola" è un oggetto dal design unico e accattivante che darà alla tua casa o al tuo ufficio un'atmosfera rilassante e moderna. La lampada a neon a forma di nuvola ha un aspetto leggero e sognante, perfetto per creare una sensazione di relax e di pace.]]></description>
										<content:encoded><![CDATA[<div class="group w-full text-gray-800 dark:text-gray-100 border-b border-black/10 dark:border-gray-900/50 bg-gray-50 dark:bg-[#444654]">
<div class="text-base gap-4 md:gap-6 md:max-w-2xl lg:max-w-2xl xl:max-w-3xl p-4 md:py-6 flex lg:px-0 m-auto">
<div class="relative flex w-[calc(100%-50px)] flex-col gap-1 md:gap-3 lg:w-[calc(100%-115px)]">
<div class="flex flex-grow flex-col gap-3">
<div class="min-h-[20px] flex flex-col items-start gap-4 whitespace-pre-wrap">
<div class="markdown prose w-full break-words dark:prose-invert light">
<p>La lampada a neon &#8220;Nuvola&#8221; è un oggetto dal design unico e accattivante che darà alla tua casa o al tuo ufficio un&#8217;atmosfera rilassante e moderna. La lampada a neon a forma di nuvola ha un aspetto leggero e sognante, perfetto per creare una sensazione di relax e di pace.</p>
<p>La lampada è realizzata con tecnologia a LED, che garantisce un maggiore risparmio energetico e una durata maggiore rispetto alle lampade tradizionali. La nuvola è realizzata in acrilico di alta qualità, che le conferisce un aspetto cristallino e una resistenza maggiore alle rotture.</p>
<p>La lampada ha una forma morbida e arrotondata, con un aspetto simile a quello di una nuvola vera e propria. Il neon a LED, che imita il colore e la luminosità della luce solare, conferisce un aspetto caldo e accogliente alla stanza, perfetto per creare un&#8217;atmosfera confortevole e rilassante.</p>
<p>La lampada a neon &#8220;Nuvola&#8221; è un complemento d&#8217;arredo ideale per qualsiasi stanza della casa, dal soggiorno alla camera da letto, passando per lo studio o l&#8217;ufficio. Grazie alla sua forma unica e alla tecnologia a LED, la lampada sarà un punto focale della tua stanza, attirando l&#8217;attenzione dei tuoi ospiti e rendendo l&#8217;ambiente più accogliente e rilassante.</p>
</div>
</div>
</div>
<div class="flex justify-between">
<div class="text-gray-400 flex self-end lg:self-center justify-center mt-2 gap-3 md:gap-4 lg:gap-1 lg:absolute lg:top-0 lg:translate-x-full lg:right-0 lg:mt-0 lg:pl-2 visible"></div>
</div>
</div>
</div>
</div>
]]></content:encoded>
					
					<wfw:commentRss>./../../../prodotto/cloudy-neon-lamp/feed/index.html</wfw:commentRss>
			<slash:comments>0</slash:comments>
		
		
			</item>
		<item>
		<title>Cappello di Paglia Neon Lamp</title>
		<link>./../../../prodotto/one-piece-cappello-di-paglia-neon-lamp/index.html</link>
					<comments>./../../../prodotto/one-piece-cappello-di-paglia-neon-lamp/index.html#respond</comments>
		
		<dc:creator><![CDATA[Jay]]></dc:creator>
		<pubDate>Mon, 20 Mar 2023 13:59:05 +0000</pubDate>
				<guid isPermaLink="false">./../../../index.html?post_type=product#038;p=29</guid>

					<description><![CDATA[La lampada a neon "Cappello di Paglia" di One Piece è l'accessorio perfetto per tutti i fan dell'amatissimo anime giapponese. La lampada a neon a forma del celebre logo della ciurma di Cappello di Paglia è un oggetto da collezione unico che darà vita e personalità alla tua stanza.]]></description>
										<content:encoded><![CDATA[<p>La lampada a neon &#8220;Cappello di Paglia&#8221; di One Piece è l&#8217;accessorio perfetto per tutti i fan dell&#8217;amatissimo anime giapponese. La lampada a neon a forma del celebre logo della ciurma di Cappello di Paglia è un oggetto da collezione unico che darà vita e personalità alla tua stanza.</p>
<p>La lampada è realizzata con tecnologia a LED, per garantire una durata maggiore e un minor consumo energetico rispetto alle tradizionali lampade a neon. Grazie alla sua forma a 3D, il logo sembra uscire dalla parete, dando alla tua stanza un aspetto straordinario.</p>
<p>La lampada ha un design accattivante e dettagliato, perfetto per i fan del manga e dell&#8217;anime. Il logo della ciurma di Cappello di Paglia è reso con precisione e con colori vivaci, che non sbiadiscono nel tempo. La lampada ha anche una comoda funzione di accensione e spegnimento, per un utilizzo facile e veloce.</p>
<p>La lampada a neon &#8220;Cappello di Paglia&#8221; di One Piece è un oggetto da collezione fantastico che si adatta perfettamente a qualsiasi stanza, dal salotto alla camera da letto. Se sei un fan del manga o dell&#8217;anime, non puoi non avere questa fantastica lampada a neon nella tua collezione!</p>
]]></content:encoded>
					
					<wfw:commentRss>./../../../prodotto/one-piece-cappello-di-paglia-neon-lamp/feed/index.html</wfw:commentRss>
			<slash:comments>0</slash:comments>
		
		
			</item>
		<item>
		<title>Lampada Caricabatterie Wireless</title>
		<link>./../../../prodotto/lampada-caricabatterie-wireless/index.html</link>
					<comments>./../../../prodotto/lampada-caricabatterie-wireless/index.html#respond</comments>
		
		<dc:creator><![CDATA[Jay]]></dc:creator>
		<pubDate>Mon, 20 Mar 2023 13:51:53 +0000</pubDate>
				<guid isPermaLink="false">./../../../index.html?post_type=product#038;p=21</guid>

					<description><![CDATA[La lampada/caricatore wireless è un prodotto innovativo e versatile che combina le funzionalità di una lampada da tavolo con quelle di un caricatore wireless per smartphone.]]></description>
										<content:encoded><![CDATA[<p>La lampada-caricatore wireless per telefono è un prodotto innovativo che combina la funzionalità di una lampada da tavolo con quella di un caricatore wireless per smartphone. Grazie alla sua tecnologia wireless, potrai caricare il tuo smartphone compatibile con la ricarica wireless semplicemente appoggiandolo sulla base della lampada. Non ci sarà più bisogno di cercare un cavo per il tuo telefono!</p>
<p>La lampada è dotata di una luce LED che emette una luce calda e rilassante, ideale per creare un&#8217;atmosfera piacevole in casa o in ufficio. La luce LED è anche regolabile, quindi puoi scegliere la luminosità perfetta per le tue esigenze.</p>
<p>La lampada è realizzata con materiali di alta qualità e ha un design moderno ed elegante che si adatta a qualsiasi arredamento. La base è stabile e antiscivolo, quindi non dovrai preoccuparti di urti o cadute accidentali.</p>
<p>Questa lampada-caricatore wireless per telefono è il prodotto perfetto per chi cerca un modo conveniente e moderno per caricare il proprio smartphone mentre lavora o si rilassa a casa.</p>
]]></content:encoded>
					
					<wfw:commentRss>./../../../prodotto/lampada-caricabatterie-wireless/feed/index.html</wfw:commentRss>
			<slash:comments>0</slash:comments>
		
		
			</item>
	</channel>
</rss>
